title,normalPrice,salePrice,release_year
The Witcher 3: Wild Hunt  Remastered,49.99,24.99,2026
ENDLESS Legend 2,49.99,24.99,2026
Ori and the Will of the Wisps,29.99,2.99,2020
The Witcher 2: Assassins of Kings Enhanced Edition,19.99,2.99,2011
The Witcher: Enhanced Edition Director's Cut,9.99,1.49,2008
Metro Exodus,29.99,2.99,2019
Borderlands 2,39.99,5.99,2012
Hades,24.99,6.24,2020
Kona II: Brume,29.99,2.99,2023
Jagged Alliance 3,44.99,4.49,2023
Car Mechanic Simulator 2015,19.99,1.59,2015
Deceive Inc.,19.99,1.99,2023
Deus Ex: Human Revolution - Director's Cut,19.99,1.99,2013
The Siege and the Sandfox,14.99,1.49,2025
Kung Fu Strike: The Warrior's Rise,9.99,0.99,2012
Winds of Change,19.99,1.99,2019
Thronebreaker: The Witcher Tales,19.99,3.99,2018
Chorus,24.99,2.49,2021
Huntdown,19.99,3.99,2020
Wayfinder,24.99,2.99,2024
